482900200,Olegolo,–û–ª–µ–≥–æ–ª–æ
726382042,raamensavin,aboba228
886121253,vingle_xd,\help
817881758,anyxluw,anyxluw
607317158,faithwicca,qwerty
607317158,faithwicca,–ß–∞—Å—Ç—å 4
607317158,faithwicca,jk
607317158,faithwicca,f
607317158,faithwicca,a
726382042,raamensavin,–∫–ª–∞–¥–¥–∞–¥–∞–¥–∞
920638914,TWert1s,qwerty2007
920638914,TWert1s,protect2007 8
851543905,I_Gizatullin,JustForFun
851543905,I_Gizatullin,JustForFun
748122332,epit4fi4,–í–∞–¥–∏–º –ë
880031561,ksu_xoxo,–û
851543905,I_Gizatullin,ForFun
718037930,vstetsenko,MIKEBURRY
413164225,kokonainen,krasin1991
1211593723,gg_buf,monsterkill2005
911354130,imaeroo,monsterkill2007
5592996230,drogleral,gomunkul504
1096606067,dsshji,–±–µ–±—Ä–æ—á–∫–∞228
758812319,eeklkve,eeklkve
1122038684,Korina_78,irinako
1037891401,Alyeale,Dandelion
813918696,pnplle,pnplle
614854662,aleksiedkdj,Lormus
1015440323,f89629119889,@FV763251
5377650409,,Ryandr.62405
1153176007,Yfcshjdf,pkforgbcelidvsediphrosa148563
1206497777,Hello_kittythebest,Aliska
438277715,l0x25l,–ú–µ–≥–∞–ö–∞–ø—É—Å—Ç–∞1945
989167310,byantds,kolobok1488
5299226377,,.
1085851346,mssha_bul,marilab
5260820892,,–ê–ª–µ–∫—Å–µ–π
1058139178,zlatachb,–ü–æ–Ω—Ç–∏–π—Å—Ç–µ–ª–µ—Ç
612046178,meow0wex,meow0wex
1229983153,rsuzd,15roma14
1508546718,koplinaaa,Koplinaaa
1042163442,igorrusssss,igowk#mcmemekkdk
2073810851,milagorshkova,V111
5131848218,RePCmeR,123
6330549788,sas_vl,be real2017
2025424421,avehound,monsterkill2006
1406297855,ArtEmiyiva,–ê—Ä—Ç–µ–º–∏–π
1366799082,mariyellla,–ê–±–≤–≥–¥
254078882,zorin_lev,Lev Zorin
1880073920,artemdolgih,–ê
5122062878,antonkostin1,antonkostin1
1082270315,maaloyyyprvt,maaloyyy
852635222,Roma_CooL228,Roma_CooL
5009611754,grishwq,workofart
808927521,kurilovaksenia,Ksenia05
1031238210,haynasty,hay.nasty
702651578,ermollova,ermolova
1459975264,ali0li0,Einszweidrei
1933227590,alekseyepif,–ï–ø–∏—Ñ–∞–Ω–æ–≤ –ê–ª–µ–∫—Å–µ–π
758812319,eeklkve,eeegor4ik
5929905528,berezovoymikhail,rfjirf
5112589826,LipaAV,Lipa_AV
1046156013,Vash_iq9_vi_pingvin,skotchmaster
1061413356,wavemid,Oduvan
1149401789,free_spi_rit,Spirit29
1058899425,preju2027,prejudice
761015293,hero1031,spartak2007
1065244402,FaUrNeIs,FaUrNeIs
900619352,wow06poly,wwwwwwwwww
365384561,jeongmika,–º–∏–∫–∞
1614321136,maruskapo,lipa
5024262204,Vladimir_Smirnovf,Kr1T
5144972273,kushin_nikita,–ù–∏–∫
981466212,yarikksss,–î–º–∏—Ç—Ä–æ
813419635,WorentiS,lwb12345
1041221578,CA2029spc171051618,–ù–∞—É–º–æ–≤ –°–∞—à–∞
6542765148,qqqqpwo,Egor
759149053,POLLIWATERMELON,monsterkil2005
5371634287,orydonn,gdijfuv
1181566108,alanita345,lemontree
792912108,zarina7395,zarina7395
996467201,lillimonchik,lil.limonchik
1702991927,kkristttina,kkristttina
879133793,dsecon2,DOP4EK
1399485708,marrrina01,Kris091223
1289349328,kiridarya,kiridarya
223558280,ichtis,ichtis
5007703667,viktorfrik,vikf
6398236366,,other
1873429791,MrKozlovski,Ah-booooo
6544647485,tajsja,borisoglebsk200
967457055,iwance,Ivan
816103217,Linayetkot,lin
941477697,LeonidusBog,KorablinL
960425748,angel_zam,Mark
1065005253,Irbislar,Ayaz
1829197052,shapovalova_alks,–ê–ª–µ–∫—Å–∞–Ω–¥—Ä–∞
611932424,avosthh,avosthh
5308559246,dar_kkkk,rina_kkk
2067760378,nn_store_nn,proff123456789
5322895797,Paukova_Arina,Arina394
1357696547,lennnnn_ny,–£–º–∫–∞3000
827039012,Max_Pichulev,maks0nly
1307754088,Gemoskorp,flying_horse
809405427,meerccury,kkkk
1767589934,s_u_n_s_t_a_r,—Ä–µ–≥–∏–æ–Ω—â–∏—Ü–∞ –∏–∑ —Ä–µ–≥–∏–æ–Ω–∞
879485167,AAntoxa_kartoxa,–ü–∞–Ω—å–∫–∏–Ω –ê–Ω—Ç–æ–Ω
738742098,chereshenkka,chereshenkka
991720460,Sobolevskiy_Georgiy,G.Willow
5874247870,antikripochik,pepsikolniy322
1514384684,VictorFilatov,Abobus345
5803671722,,–ü–æ–Ω
6901401814,,–ù–æ–º
1490230330,babkin_intbtb,Fgg677
1255662894,MakMih4815,Kittano
1636313895,ordinary_egor,Ajaraveju
1050170633,NataliaMikhailova15,w.o.w.
886246648,SsK8q,ghost
722048682,ramzil_najmi,Najmi
1022282595,zakharinskv,–º—è—É
1367893834,Umar_Israfilov,Li7üí™
1893758018,drD405,xmanera
1876040179,Dubney,–ú–µ–Ω—è –Ω–µ –∑–æ–≤—É—Ç
983342051,Ga66asov,–Ω–∞–ø—Ä–∏–º–µ—Ä 74
1314915285,NikPosleSobaki,Svet
970204971,Danil2503w,4eburek
589715128,Kvant_006,Start123
1477285625,IV0ne1,–ò–≤–∞–Ω –°
1483419611,yulya_kuzinaa,–î–∞—Ä–∏–Ω–∞2004
5755236240,Gleb_Nxx,catcatcat1001
844741030,yagatta,bb
5490625932,pakulchik,pakulika
810216715,imelisaveta,pupupu
1592363906,Nakii0,soad
1843208660,hengeho,ÊàëÊòØ‰øÑÁΩóÊñØ‰∫∫
5490625932,pakulchik,pakulka
885637702,Morgotar,Llmka1
855718938,Anton_Slepukhin,Abobus
1735807599,arseny_gf,—Å–µ–Ω–µ—á–∫–∞
452123044,Dithyrambus,supereconom2009
5425156453,theplaguedlighthousekeeper,godlike2009
1193435359,danvas1404,vasilichecon1404
933772685,hooneygirrrl,moneydealer
5117183482,Lilacosy,monkeymakemoney
837533988,sonia_sli,–ø—É–ø—É–ø—É
629078579,Kyala_1,Morkovk1n
927726088,elvinka_ll,econompeople1
5701244102,Otsyk,Cat
735771413,sssashkw,stakan
1328695949,,–®–∫—Ä–µ–π–¥–µ—Ä –ù–∞—Ç–∞–ª—å—è
1652182736,relianceluv,strawberry
1829824163,Valera1234432,–≤–∞–ª–µ—Ä–∞2007
317945789,mishstika,_|_|_o_|_|_
995398225,igor_grigoruk,–∞–∞–∞–∞–∞–∞–∞–∞–∞–∞–∞–∞–∞–∞–∞–∞–∞
785036057,marIeyn25,–ì–ª–µ–±
736360043,mouse11111,kefir
1092440036,chah1ik,chahlik1392
2140520356,gnommiks,gru301
1490031436,tur_chanocka,kalinka
1198751169,alana135,GoodLuck
1492449681,carlos_580,klochkokirill
5124359185,,why
239790164,konopleva_ant,toxa
703699729,kmitry,BigFloppa
1034199038,Maks1tka_K,Maks1tka_K
785036057,marIeyn25,yy
965767737,libvss,—á–∏—Ñ –º–∏—Ü
946462967,sunnix_21,99+
1492505752,Pak_Yuri,monsterkill2023
2049690269,Dashkoth,dash
1034489133,s_sashkaaa,sashka_ilove
1232880459,lliissyy,dinozawrr
1640686769,paulinkau,cactus_polya
6436657967,,1234
636821666,venssonyya,meowmeowmeow
1286354033,vik2840,provorotskaya1805
2095694669,Chernogl,Just me)
1080551672,orethana,qwerty0304
1490872702,cvvnvm,etoya
1326402508,Varya_lep,Vdzei
6330549788,sas_vl,firs
958262136,gre44k1n,–ï–°
1393353241,Volcharra,SergioReg
6356846644,polntar,–ü–æ–ª–∏–Ω–∞
2073010520,woriwii,woriwii
5019569707,Damirkat,–¥–∞–º–∏—Ä
1237919624,fedorshishakov,drik_89
967617706,Andyklo,NORIMYXXXO
1158116025,Isssskander,Iskander
742045358,alinvolkova,alv
1373066889,ArtushKh,holy_tiger
1001994202,stepvos,suisuisui7
1264926306,aleksandraverishko,Verishko_A
837933016,,MVera
5131447377,Cactuspag,monsterkill2008
5338148652,assddkkpp,–õ–µ–≥–µ–Ω–¥–∞ –∫–∞–≤–∫–∞–∑–∞
1049484194,JotaroArs,–≠–∫—Å–ø–µ—Ä—Ç –ò–ì–≠ –ø–æ —ç–∫–æ–Ω–æ–º–∏–∫–∞
1100063418,gsophrgepous,whynott
1251488497,Kolodashka,masharik
883870580,obukhovkd,–ö–∏—Ä–∏–ª–ª
5808421720,m_salova_2008,12345a
942491242,alexandrabezruk,alexandrabezruk
1076144591,frixyyyy,surok
1378284132,sickb0yyy,Yousuckers333
996801872,grigorii_danelyan,–î–∞–Ω–µ–ª—è–Ω –ì—Ä–∏–≥–æ—Ä–∏–π
1106067744,volchharaa,neznauya
1084869090,soul1e,soul1e
893455926,hohoby,dauxjcdows
562160972,KoteikaKoteikin,ARTUR
2010341475,meovvii,qweasdzxc
1066880381,Oktinus,Ax...xaxaxa
1036540522,Klariteel,Urfaust
609343265,peter7sx,kickbutowski
1233144954,Kira_Safonova,–í–µ–ª–∏–∫–∞—è –∏ —É–∂–∞—Å–Ω–∞—è
936689826,mNwo_K,–ú–∏—à–∞ –§—É—Ä—Å–æ–≤
941480515,Nal_chicka,–∫—É
1482859122,KrasivayaKlava,zhabaklavdiaa
1901265279,I7PA77,ivan7707@!
764592912,viafanaseva,kirillsemenkov123
745902302,a0rina,–û–ø–∞–∞–∞–∞
413443413,Arglemar,–ì–°–°
1636581872,zubooook,nektoktoto
1960193979,pumpkinorso,–°–µ—Ä–≥–µ–π –°–ª–∞–¥–∫–∏–π
